1,google.com
2,gtld-servers.net
3,cloudflare.com
4,gstatic.com
5,facebook.com
6,microsoft.com
7,googleapis.com
8,youtube.com
9,amazonaws.com
10,apple.com
11,instagram.com
12,mail.ru
13,akamai.net
14,fbcdn.net
15,twitter.com
16,ezviz7.com
17,dzen.ru
18,linkedin.com
19,googletagmanager.com
20,googlevideo.com
21,live.com
22,office.com
23,akamaiedge.net
24,akadns.net
25,amazon.com
26,azure.com
27,wikipedia.org
28,github.com
29,domaincontrol.com
30,bing.com
31,googleusercontent.com
32,doubleclick.net
33,hicloudcam.com
34,appsflyersdk.com
35,fastly.net
36,whatsapp.net
37,microsoftonline.com
38,apple-dns.net
39,trafficmanager.net
40,netflix.com
41,aaplimg.com
42,office.net
43,wordpress.org
44,digicert.com
45,skype.com
46,sharepoint.com
47,youtu.be
48,ripn.net
49,pinterest.com
50,gandi.net
51,cloudfront.net
52,whatsapp.com
53,goo.gl
54,x.com
55,googlesyndication.com
56,yahoo.com
57,icloud.com
58,windowsupdate.com
59,cloud.microsoft
60,tiktok.com
61,msn.com
62,spotify.com
63,gvt1.com
64,cloudflare.net
65,adobe.com
66,googledomains.com
67,ntp.org
68,windows.net
69,vimeo.com
70,wa.me
71,chatgpt.com
72,akam.net
73,roblox.com
74,myfritz.net
75,tiktokcdn.com
76,gvt2.com
77,zoom.us
78,pv-cdn.net
79,tiktokv.com
80,qq.com
81,ytimg.com
82,baidu.com
83,yandex.net
84,cloudflare-dns.com
85,edgekey.net
86,nginx.org
87,windows.com
88,workers.dev
89,mozilla.org
90,opera.com
91,nic.ru
92,yandex.ru
93,cdninstagram.com
94,samsung.com
95,sentry.io
96,nginx.com
97,edgesuite.net
98,wordpress.com
99,okcdn.ru
100,google-analytics.com
101,reddit.com
102,discord.gg
103,bit.ly
104,ui.com
105,root-servers.net
106,telekom.de
107,office365.com
108,t.me
109,a2z.com
110,criteo.com
111,blogspot.com
112,europa.eu
113,trbcdn.net
114,vk.com
115,vedcdnlb.com
116,b-cdn.net
117,googleadservices.com
118,epicgames.com
119,amazon-adsystem.com
120,gwfb.net
121,unity3d.com
122,github.io
123,snapchat.com
124,app-measurement.com
125,mailinabox.email
126,apache.org
127,amazonvideo.com
128,nih.gov
129,cdn77.org
130,amazon.dev
131,kaspersky.com
132,dns.google
133,intuit.com
134,prodregistryv2.org
135,msftncsi.com
136,outlook.com
137,app-analytics-services.com
138,gravatar.com
139,f5.com
140,dropbox.com
141,registrar-servers.com
142,vkuserphoto.ru
143,forms.gle
144,reg.ru
145,iiko.it
146,xiaomi.com
147,godaddy.com
148,archive.org
149,steamserver.net
150,yccdn.ru
151,spo-msedge.net
152,msftconnecttest.com
153,dnsowl.com
154,tumblr.com
155,azurefd.net
156,nytimes.com
157,miit.gov.cn
158,paypal.com
159,ax-msedge.net
160,one.one
161,discord.com
162,aliyuncs.com
163,shopify.com
164,nflxso.net
165,applovin.com
166,3gppnetwork.org
167,ggpht.com
168,adobe.io
169,macromedia.com
170,bytefcdn-oversea.com
171,azurewebsites.net
172,userapi.com
173,webex.com
174,flickr.com
175,akamaitech.net
176,wac-msedge.net
177,cdn-apple.com
178,soundcloud.com
179,medium.com
180,example.com
181,aws.dev
182,ipv4only.arpa
183,w3.org
184,dns-parking.com
185,adtrafficquality.google
186,taboola.com
187,jomodns.com
188,rubiconproject.com
189,tm-azurefd.net
190,cnn.com
191,theguardian.com
192,static.microsoft
193,vungle.com
194,hichina.com
195,shifen.com
196,sfx.ms
197,ttdns2.com
198,nominetdns.uk
199,oracle.com
200,msedge.net
201,forbes.com
202,creativecommons.org
203,nic.direct
204,ebay.com
205,fastly-edge.com
206,avast.com
207,ozon.ru
208,cpanel.net
209,pubmatic.com
210,bbc.com
211,weather.com
212,spov-msedge.net
213,t-online.de
214,twitch.tv
215,youtube-nocookie.com
216,sciencedirect.com
217,pki.goog
218,t.co
219,researchgate.net
220,miui.com
221,oxylabs.io
222,gmail.com
223,bbc.co.uk
224,mit.edu
225,azureedge.net
226,android.com
227,adnxs.com
228,sourceforge.net
229,doi.org
230,nist.gov
231,canva.com
232,akamaized.net
233,vecdnlb.com
234,ubuntu.com
235,adsrvr.org
236,imdb.com
237,shopifysvc.com
238,cisco.com
239,wsdvs.com
240,stripe.com
241,scorecardresearch.com
242,ksyuncdn.com
243,cdngslb.com
244,roku.com
245,meraki.com
246,libp2p.direct
247,telegram.org
248,casalemedia.com
249,who.int
250,hubspot.com
251,comcast.net
252,openai.com
253,playstation.net
254,linktr.ee
255,adsafeprotected.com
256,wixsite.com
257,forter.com
258,alibabadns.com
259,booking.com
260,omtrdc.net
261,dropcatch.com
262,facebook.net
263,doubleverify.com
264,edgcdn.net
265,mts.ru
266,launchpad.net
267,triplinkintl.com
268,wikimedia.org
269,springer.com
270,hp.com
271,pages.dev
272,ttvnw.net
273,salesforce.com
274,mangosip.ru
275,tiktokcdn-us.com
276,capcutapi.com
277,ampproject.org
278,telekom.net
279,tinyurl.com
280,ibm.com
281,samsungcloud.com
282,reuters.com
283,mzstatic.com
284,mozilla.com
285,inmobi.com
286,telecid.ru
287,jsdelivr.net
288,heytapmobile.com
289,byteoversea.net
290,lsrelayaccess.com
291,duckdns.org
292,www.gov.uk
293,dnsmadeeasy.com
294,etsy.com
295,alibaba.com
296,shalltry.com
297,nature.com
298,googleblog.com
299,autodesk.com
300,appsflyer.com
301,drom.ru
302,afternic.com
303,media-amazon.com
304,harvard.edu
305,ok.ru
306,steampowered.com
307,samsungqbe.com
308,mtgglobals.com
309,alidns.com
310,media.net
311,amplitude.com
312,php.net
313,virginm.net
314,amazon.co.uk
315,wiley.com
316,myshopify.com
317,clarity.ms
318,launchdarkly.com
319,weibo.com
320,nr-data.net
321,smartadserver.com
322,vk.ru
323,trueconf.net
324,hcaptcha.com
325,douyincdn.com
326,name-services.com
327,ea.com
328,akamaihd.net
329,slack.com
330,myhuaweicloud.com
331,opendns.com
332,issuu.com
333,crashlytics.com
334,gnu.org
335,checkpoint.com
336,lencr.org
337,weebly.com
338,wildberries.ru
339,inner-active.mobi
340,bilibili.com
341,aol.com
342,cdnbuild.net
343,tbcache.com
344,cdc.gov
345,un.org
346,3lift.com
347,onelink.me
348,debian.org
349,yahoo.co.jp
350,wbx2.com
351,naver.com
352,allawnos.com
353,wsj.com
354,rocket-cdn.com
355,aliyun.com
356,trustpilot.com
357,ezvizlife.com
358,quickconnect.to
359,washingtonpost.com
360,openx.net
361,vkuser.net
362,tradingview.com
363,kaspersky-labs.com
364,selectel.ru
365,demdex.net
366,dell.com
367,namebrightdns.com
368,rzone.de
369,google.cn
370,samsungcloudsolution.com
371,dailymail.co.uk
372,ivi.ru
373,nasa.gov
374,bloomberg.com
375,nvidia.com
376,enacdn.net
377,stanford.edu
378,dailymotion.com
379,kwai-pro.com
380,imcmdb.net
381,plesk.com
382,browser-intake-datadoghq.com
383,byteglb.com
384,temu.com
385,tp-link.com
386,tiktokv.us
387,gitlab.com
388,unsplash.com
389,yandex.com
390,calendly.com
391,live-video.net
392,indeed.com
393,amazon.de
394,heytapdl.com
395,vivoglobal.com
396,ibyteimg.com
397,adobe.net
398,globo.com
399,aliyuncsslbintl.com
400,zendesk.com
401,edgecdn.ru
402,cookiedatabase.org
403,tiktokv.eu
404,mi.com
405,kwaipros.com
406,xcal.tv
407,amagi.tv
408,tiktokcdn-eu.com
409,telegram.me
410,cloudns.net
411,dual-s-msedge.net
412,businessinsider.com
413,ip-api.com
414,netangels.ru
415,pixabay.com
416,163.com
417,avcdn.net
418,line.me
419,adriver.ru
420,amazonalexa.com
421,supercell.com
422,espn.com
423,ngenix.net
424,pangle.io
425,online-metrix.net
426,awswaf.com
427,huawei.com
428,taobao.com
429,steamcommunity.com
430,avsxappcaptiveportal.com
431,aliexpress.com
432,cnbc.com
433,worldnic.com
434,brave.com
435,intel.com
436,sc-gw.com
437,wp.com
438,duckduckgo.com
439,go.com
440,crpt.ru
441,statista.com
442,amazontrust.com
443,awsglobalaccelerator.com
444,arubanetworks.com
445,netease.com
446,bsky.app
447,list-manage.com
448,sohu.com
449,speedtest.net
450,beian.gov.cn
451,eventbrite.com
452,g.page
453,mikrotik.com
454,featureassets.org
455,quora.com
456,mcafee.com
457,ietf.org
458,pushy.io
459,nflximg.com
460,gamepass.com
461,mynetname.net
462,eye4.cn
463,duolingo.com
464,firetvcaptiveportal.com
465,kwai.net
466,goodreads.com
467,scribd.com
468,npr.org
469,addtoany.com
470,sina.com.cn
471,mysql.com
472,2mdn.net
473,gosuslugi.ru
474,myqcloud.com
475,svc.ms
476,hostgator.com
477,discord.media
478,name.com
479,tencent-cloud.net
480,nstld.com
481,mediatek.com
482,exp-tas.com
483,walmart.com
484,vkontakte.ru
485,amzn.to
486,rbxcdn.com
487,shein.com
488,foxnews.com
489,beyondwickedmapping.org
490,substack.com
491,paloaltonetworks.com
492,amazon.co.jp
493,gandi-ns.fr
494,behance.net
495,indiatimes.com
496,sberbank.ru
497,slideshare.net
498,nease.net
499,google.de
500,gcdn.co
